index,position,stimulusId,isOddball,targetMs,onsetMs,deltaMs,ioiMs
0,1,base_03,0,0.000,3.900,3.900,
1,2,base_02,0,166.667,169.600,2.933,165.700
2,3,base_04,0,333.333,336.300,2.967,166.700
3,4,base_03,0,500.000,502.900,2.900,166.600
4,5,oddball_01,1,666.667,669.500,2.833,166.600
5,6,base_02,0,833.333,836.300,2.967,166.800
6,7,base_03,0,1000.000,1002.900,2.900,166.600
7,8,base_01,0,1166.667,1169.500,2.833,166.600
8,9,base_02,0,1333.333,1336.200,2.867,166.700
9,10,oddball_01,1,1500.000,1503.000,3.000,166.800
10,11,base_01,0,1666.667,1669.400,2.733,166.400
11,12,base_04,0,1833.333,1836.300,2.967,166.900
12,13,base_03,0,2000.000,2003.000,3.000,166.700
13,14,base_02,0,2166.667,2169.500,2.833,166.500
14,15,oddball_01,1,2333.333,2336.200,2.867,166.700
15,16,base_03,0,2500.000,2502.800,2.800,166.600
16,17,base_01,0,2666.667,2669.600,2.933,166.800
17,18,base_04,0,2833.333,2836.100,2.767,166.500
18,19,base_03,0,3000.000,3002.800,2.800,166.700
19,20,oddball_01,1,3166.667,3169.500,2.833,166.700
20,21,base_03,0,3333.333,3336.200,2.867,166.700
21,22,base_01,0,3500.000,3502.800,2.800,166.600
22,23,base_02,0,3666.667,3669.400,2.733,166.600
23,24,base_01,0,3833.333,3836.100,2.767,166.700
24,25,oddball_01,1,4000.000,4002.900,2.900,166.800
25,26,base_01,0,4166.667,4169.300,2.633,166.400
26,27,base_02,0,4333.333,4336.000,2.667,166.700
27,28,base_01,0,4500.000,4502.900,2.900,166.900
28,29,base_04,0,4666.667,4669.400,2.733,166.500
29,30,oddball_01,1,4833.333,4836.000,2.667,166.600
30,31,base_03,0,5000.000,5002.700,2.700,166.700
31,32,base_04,0,5166.667,5169.600,2.933,166.900
32,33,base_03,0,5333.333,5336.000,2.667,166.400
33,34,base_01,0,5500.000,5502.800,2.800,166.800
34,35,oddball_01,1,5666.667,5669.400,2.733,166.600
35,36,base_01,0,5833.333,5836.100,2.767,166.700
36,37,base_04,0,6000.000,6002.700,2.700,166.600
37,38,base_01,0,6166.667,6169.300,2.633,166.600
38,39,base_03,0,6333.333,6336.300,2.967,167.000
39,40,oddball_01,1,6500.000,6502.800,2.800,166.500
40,41,base_02,0,6666.667,6669.200,2.533,166.400
41,42,base_01,0,6833.333,6836.000,2.667,166.800
42,43,base_04,0,7000.000,7002.700,2.700,166.700
43,44,base_01,0,7166.667,7169.300,2.633,166.600
44,45,oddball_01,1,7333.333,7335.900,2.567,166.600
45,46,base_03,0,7500.000,7502.600,2.600,166.700
46,47,base_01,0,7666.667,7669.300,2.633,166.700
47,48,base_04,0,7833.333,7836.000,2.667,166.700
48,49,base_03,0,8000.000,8002.900,2.900,166.900
49,50,oddball_01,1,8166.667,8169.400,2.733,166.500
50,51,base_02,0,8333.333,8335.900,2.567,166.500
51,52,base_04,0,8500.000,8502.600,2.600,166.700
52,53,base_02,0,8666.667,8669.300,2.633,166.700
53,54,base_01,0,8833.333,8835.900,2.567,166.600
54,55,oddball_01,1,9000.000,9002.600,2.600,166.700
55,56,base_04,0,9166.667,9169.300,2.633,166.700
56,57,base_03,0,9333.333,9335.900,2.567,166.600
57,58,base_02,0,9500.000,9502.600,2.600,166.700
58,59,base_03,0,9666.667,9669.200,2.533,166.600
59,60,oddball_01,1,9833.333,9835.900,2.567,166.700
60,61,base_04,0,10000.000,10002.600,2.600,166.700
61,62,base_01,0,10166.667,10169.200,2.533,166.600
62,63,base_03,0,10333.333,10335.800,2.467,166.600
63,64,base_02,0,10500.000,10502.600,2.600,166.800
64,65,oddball_01,1,10666.667,10669.200,2.533,166.600
65,66,base_01,0,10833.333,10835.800,2.467,166.600
66,67,base_04,0,11000.000,11002.500,2.500,166.700
67,68,base_01,0,11166.667,11169.100,2.433,166.600
68,69,base_02,0,11333.333,11335.800,2.467,166.700
69,70,oddball_01,1,11500.000,11502.400,2.400,166.600
70,71,base_03,0,11666.667,11669.000,2.333,166.600
71,72,base_04,0,11833.333,11835.800,2.467,166.800
72,73,base_03,0,12000.000,12002.400,2.400,166.600
73,74,base_01,0,12166.667,12169.100,2.433,166.700
74,75,oddball_01,1,12333.333,12335.700,2.367,166.600
75,76,base_02,0,12500.000,12502.500,2.500,166.800
76,77,base_04,0,12666.667,12669.100,2.433,166.600
77,78,base_03,0,12833.333,12835.800,2.467,166.700
78,79,base_01,0,13000.000,13002.400,2.400,166.600
79,80,oddball_01,1,13166.667,13169.200,2.533,166.800
80,81,base_03,0,13333.333,13335.700,2.367,166.500
81,82,base_01,0,13500.000,13502.400,2.400,166.700
82,83,base_03,0,13666.667,13668.900,2.233,166.500
83,84,base_04,0,13833.333,13835.600,2.267,166.700
84,85,oddball_01,1,14000.000,14002.300,2.300,166.700
85,86,base_04,0,14166.667,14169.000,2.333,166.700
86,87,base_01,0,14333.333,14335.700,2.367,166.700
87,88,base_02,0,14500.000,14502.300,2.300,166.600
88,89,base_01,0,14666.667,14668.900,2.233,166.600
89,90,oddball_01,1,14833.333,14835.600,2.267,166.700
90,91,base_03,0,15000.000,15002.400,2.400,166.800
91,92,base_02,0,15166.667,15169.000,2.333,166.600
92,93,base_01,0,15333.333,15335.600,2.267,166.600
93,94,base_02,0,15500.000,15502.300,2.300,166.700
94,95,oddball_01,1,15666.667,15669.000,2.333,166.700
95,96,base_01,0,15833.333,15835.600,2.267,166.600
96,97,base_02,0,16000.000,16002.300,2.300,166.700
97,98,base_01,0,16166.667,16168.900,2.233,166.600
98,99,base_03,0,16333.333,16335.500,2.167,166.600
99,100,oddball_01,1,16500.000,16502.300,2.300,166.800
100,101,base_04,0,16666.667,16669.000,2.333,166.700
101,102,base_02,0,16833.333,16835.700,2.367,166.700
102,103,base_01,0,17000.000,17002.300,2.300,166.600
103,104,base_02,0,17166.667,17168.900,2.233,166.600
104,105,oddball_01,1,17333.333,17335.500,2.167,166.600
105,106,base_01,0,17500.000,17502.200,2.200,166.700
106,107,base_02,0,17666.667,17668.900,2.233,166.700
107,108,base_03,0,17833.333,17835.600,2.267,166.700
108,109,base_04,0,18000.000,18002.200,2.200,166.600
109,110,oddball_01,1,18166.667,18168.900,2.233,166.700
110,111,base_01,0,18333.333,18335.500,2.167,166.600
111,112,base_03,0,18500.000,18502.100,2.100,166.600
112,113,base_04,0,18666.667,18668.900,2.233,166.800
113,114,base_03,0,18833.333,18835.500,2.167,166.600
114,115,oddball_01,1,19000.000,19002.200,2.200,166.700
115,116,base_02,0,19166.667,19168.800,2.133,166.600
116,117,base_01,0,19333.333,19335.500,2.167,166.700
117,118,base_04,0,19500.000,19502.200,2.200,166.700
118,119,base_01,0,19666.667,19668.800,2.133,166.600
119,120,oddball_01,1,19833.333,19835.500,2.167,166.700
120,121,base_01,0,20000.000,20002.300,2.300,166.800
121,122,base_04,0,20166.667,20168.800,2.133,166.500
122,123,base_03,0,20333.333,20335.400,2.067,166.600
123,124,base_04,0,20500.000,20502.200,2.200,166.800
124,125,oddball_01,1,20666.667,20668.900,2.233,166.700
125,126,base_04,0,20833.333,20835.400,2.067,166.500
126,127,base_03,0,21000.000,21002.100,2.100,166.700
127,128,base_01,0,21166.667,21168.900,2.233,166.800
128,129,base_04,0,21333.333,21335.400,2.067,166.500
129,130,oddball_01,1,21500.000,21502.000,2.000,166.600
130,131,base_02,0,21666.667,21668.700,2.033,166.700
131,132,base_03,0,21833.333,21835.400,2.067,166.700
132,133,base_01,0,22000.000,22002.000,2.000,166.600
133,134,base_04,0,22166.667,22168.700,2.033,166.700
134,135,oddball_01,1,22333.333,22335.400,2.067,166.700
135,136,base_01,0,22500.000,22502.000,2.000,166.600
136,137,base_04,0,22666.667,22669.800,3.133,167.800
137,138,base_03,0,22833.333,22835.300,1.967,165.500
138,139,base_01,0,23000.000,23002.000,2.000,166.700
139,140,oddball_01,1,23166.667,23168.800,2.133,166.800
140,141,base_01,0,23333.333,23335.300,1.967,166.500
141,142,base_04,0,23500.000,23502.000,2.000,166.700
142,143,base_02,0,23666.667,23668.600,1.933,166.600
143,144,base_01,0,23833.333,23835.300,1.967,166.700
144,145,oddball_01,1,24000.000,24001.900,1.900,166.600
145,146,base_03,0,24166.667,24168.600,1.933,166.700
146,147,base_01,0,24333.333,24335.300,1.967,166.700
147,148,base_03,0,24500.000,24501.900,1.900,166.600
148,149,base_01,0,24666.667,24668.600,1.933,166.700
149,150,oddball_01,1,24833.333,24835.400,2.067,166.800
150,151,base_04,0,25000.000,25002.000,2.000,166.600
151,152,base_03,0,25166.667,25168.600,1.933,166.600
152,153,base_02,0,25333.333,25335.100,1.767,166.500
153,154,base_03,0,25500.000,25502.000,2.000,166.900
154,155,oddball_01,1,25666.667,25668.700,2.033,166.700
155,156,base_01,0,25833.333,25835.300,1.967,166.600
156,157,base_04,0,26000.000,26001.900,1.900,166.600
157,158,base_02,0,26166.667,26168.600,1.933,166.700
158,159,base_04,0,26333.333,26335.200,1.867,166.600
159,160,oddball_01,1,26500.000,26501.900,1.900,166.700
160,161,base_01,0,26666.667,26668.600,1.933,166.700
161,162,base_02,0,26833.333,26835.100,1.767,166.500
162,163,base_04,0,27000.000,27001.900,1.900,166.800
163,164,base_02,0,27166.667,27168.600,1.933,166.700
164,165,oddball_01,1,27333.333,27335.100,1.767,166.500
165,166,base_02,0,27500.000,27501.800,1.800,166.700
166,167,base_01,0,27666.667,27668.400,1.733,166.600
167,168,base_02,0,27833.333,27835.100,1.767,166.700
168,169,base_01,0,28000.000,28001.800,1.800,166.700
169,170,oddball_01,1,28166.667,28168.600,1.933,166.800
170,171,base_01,0,28333.333,28335.200,1.867,166.600
171,172,base_02,0,28500.000,28501.900,1.900,166.700
172,173,base_01,0,28666.667,28668.400,1.733,166.500
173,174,base_02,0,28833.333,28835.200,1.867,166.800
174,175,oddball_01,1,29000.000,29001.800,1.800,166.600
175,176,base_04,0,29166.667,29168.500,1.833,166.700
176,177,base_03,0,29333.333,29335.100,1.767,166.600
177,178,base_01,0,29500.000,29501.700,1.700,166.600
178,179,base_03,0,29666.667,29668.400,1.733,166.700
179,180,oddball_01,1,29833.333,29835.000,1.667,166.600
180,181,base_02,0,30000.000,30001.800,1.800,166.800
181,182,base_03,0,30166.667,30168.300,1.633,166.500
182,183,base_02,0,30333.333,30335.000,1.667,166.700
183,184,base_04,0,30500.000,30501.900,1.900,166.900
184,185,oddball_01,1,30666.667,30668.500,1.833,166.600
185,186,base_01,0,30833.333,30834.900,1.567,166.400
186,187,base_04,0,31000.000,31001.800,1.800,166.900
187,188,base_03,0,31166.667,31168.400,1.733,166.600
188,189,base_02,0,31333.333,31335.000,1.667,166.600
189,190,oddball_01,1,31500.000,31501.600,1.600,166.600
190,191,base_01,0,31666.667,31668.300,1.633,166.700
191,192,base_02,0,31833.333,31835.000,1.667,166.700
192,193,base_04,0,32000.000,32001.700,1.700,166.700
193,194,base_01,0,32166.667,32168.300,1.633,166.600
194,195,oddball_01,1,32333.333,32335.000,1.667,166.700
195,196,base_04,0,32500.000,32501.700,1.700,166.700
196,197,base_02,0,32666.667,32668.300,1.633,166.600
197,198,base_03,0,32833.333,32835.100,1.767,166.800
198,199,base_02,0,33000.000,33001.600,1.600,166.500
199,200,oddball_01,1,33166.667,33168.300,1.633,166.700
200,201,base_01,0,33333.333,33335.000,1.667,166.700
201,202,base_02,0,33500.000,33501.600,1.600,166.600
202,203,base_01,0,33666.667,33668.200,1.533,166.600
203,204,base_04,0,33833.333,33834.900,1.567,166.700
204,205,oddball_01,1,34000.000,34001.600,1.600,166.700
205,206,base_02,0,34166.667,34168.300,1.633,166.700
206,207,base_01,0,34333.333,34334.800,1.467,166.500
207,208,base_04,0,34500.000,34501.600,1.600,166.800
208,209,base_03,0,34666.667,34668.200,1.533,166.600
209,210,oddball_01,1,34833.333,34834.900,1.567,166.700
210,211,base_04,0,35000.000,35001.500,1.500,166.600
211,212,base_01,0,35166.667,35168.200,1.533,166.700
212,213,base_02,0,35333.333,35334.800,1.467,166.600
213,214,base_01,0,35500.000,35501.600,1.600,166.800
214,215,oddball_01,1,35666.667,35668.100,1.433,166.500
215,216,base_03,0,35833.333,35834.900,1.567,166.800
216,217,base_01,0,36000.000,36001.600,1.600,166.700
217,218,base_04,0,36166.667,36168.200,1.533,166.600
218,219,base_03,0,36333.333,36334.800,1.467,166.600
219,220,oddball_01,1,36500.000,36501.600,1.600,166.800
220,221,base_03,0,36666.667,36668.100,1.433,166.500
221,222,base_04,0,36833.333,36834.900,1.567,166.800
222,223,base_01,0,37000.000,37001.700,1.700,166.800
223,224,base_03,0,37166.667,37168.200,1.533,166.500
224,225,oddball_01,1,37333.333,37334.800,1.467,166.600
225,226,base_01,0,37500.000,37501.600,1.600,166.800
226,227,base_03,0,37666.667,37668.000,1.333,166.400
227,228,base_02,0,37833.333,37835.100,1.767,167.100
228,229,base_04,0,38000.000,38001.400,1.400,166.300
229,230,oddball_01,1,38166.667,38168.100,1.433,166.700
230,231,base_01,0,38333.333,38334.800,1.467,166.700
231,232,base_02,0,38500.000,38501.400,1.400,166.600
232,233,base_04,0,38666.667,38668.000,1.333,166.600
233,234,base_01,0,38833.333,38834.800,1.467,166.800
234,235,oddball_01,1,39000.000,39001.500,1.500,166.700
235,236,base_04,0,39166.667,39168.000,1.333,166.500
236,237,base_02,0,39333.333,39334.700,1.367,166.700
237,238,base_04,0,39500.000,39501.400,1.400,166.700
238,239,base_03,0,39666.667,39668.000,1.333,166.600
239,240,oddball_01,1,39833.333,39834.700,1.367,166.700
240,241,base_04,0,40000.000,40001.200,1.200,166.500
241,242,base_03,0,40166.667,40167.900,1.233,166.700
242,243,base_01,0,40333.333,40334.700,1.367,166.800
243,244,base_02,0,40500.000,40501.300,1.300,166.600
244,245,oddball_01,1,40666.667,40668.000,1.333,166.700
245,246,base_01,0,40833.333,40834.600,1.267,166.600
246,247,base_02,0,41000.000,41001.300,1.300,166.700
247,248,base_03,0,41166.667,41167.900,1.233,166.600
248,249,base_01,0,41333.333,41334.600,1.267,166.700
249,250,oddball_01,1,41500.000,41501.300,1.300,166.700
250,251,base_04,0,41666.667,41667.900,1.233,166.600
251,252,base_03,0,41833.333,41834.600,1.267,166.700
252,253,base_01,0,42000.000,42001.300,1.300,166.700
253,254,base_03,0,42166.667,42168.000,1.333,166.700
254,255,oddball_01,1,42333.333,42334.500,1.167,166.500
255,256,base_03,0,42500.000,42501.200,1.200,166.700
256,257,base_02,0,42666.667,42667.900,1.233,166.700
257,258,base_01,0,42833.333,42834.500,1.167,166.600
258,259,base_02,0,43000.000,43001.200,1.200,166.700
259,260,oddball_01,1,43166.667,43167.900,1.233,166.700
260,261,base_03,0,43333.333,43334.500,1.167,166.600
261,262,base_01,0,43500.000,43501.200,1.200,166.700
262,263,base_03,0,43666.667,43667.800,1.133,166.600
263,264,base_04,0,43833.333,43834.500,1.167,166.700
264,265,oddball_01,1,44000.000,44001.200,1.200,166.700
265,266,base_03,0,44166.667,44167.800,1.133,166.600
266,267,base_02,0,44333.333,44334.600,1.267,166.800
267,268,base_01,0,44500.000,44501.300,1.300,166.700
268,269,base_03,0,44666.667,44667.800,1.133,166.500
269,270,oddball_01,1,44833.333,44834.400,1.067,166.600
270,271,base_02,0,45000.000,45001.200,1.200,166.800
271,272,base_04,0,45166.667,45167.800,1.133,166.600
272,273,base_03,0,45333.333,45334.400,1.067,166.600
273,274,base_04,0,45500.000,45501.000,1.000,166.600
274,275,oddball_01,1,45666.667,45667.800,1.133,166.800
275,276,base_01,0,45833.333,45834.500,1.167,166.700
276,277,base_02,0,46000.000,46001.100,1.100,166.600
277,278,base_03,0,46166.667,46167.700,1.033,166.600
278,279,base_01,0,46333.333,46334.500,1.167,166.800
279,280,oddball_01,1,46500.000,46501.000,1.000,166.500
280,281,base_03,0,46666.667,46667.700,1.033,166.700
281,282,base_04,0,46833.333,46834.400,1.067,166.700
282,283,base_02,0,47000.000,47001.100,1.100,166.700
283,284,base_01,0,47166.667,47167.900,1.233,166.800
284,285,oddball_01,1,47333.333,47334.400,1.067,166.500
285,286,base_04,0,47500.000,47501.000,1.000,166.600
286,287,base_03,0,47666.667,47667.600,0.933,166.600
287,288,base_02,0,47833.333,47834.400,1.067,166.800
288,289,base_04,0,48000.000,48001.100,1.100,166.700
289,290,oddball_01,1,48166.667,48167.800,1.133,166.700
290,291,base_03,0,48333.333,48334.400,1.067,166.600
291,292,base_04,0,48500.000,48501.000,1.000,166.600
292,293,base_01,0,48666.667,48667.700,1.033,166.700
293,294,base_03,0,48833.333,48834.300,0.967,166.600
294,295,oddball_01,1,49000.000,49001.000,1.000,166.700
295,296,base_01,0,49166.667,49167.600,0.933,166.600
296,297,base_03,0,49333.333,49334.300,0.967,166.700
297,298,base_01,0,49500.000,49501.000,1.000,166.700
298,299,base_04,0,49666.667,49667.700,1.033,166.700
299,300,oddball_01,1,49833.333,49834.300,0.967,166.600
300,301,base_01,0,50000.000,50001.000,1.000,166.700
301,302,base_02,0,50166.667,50167.600,0.933,166.600
302,303,base_03,0,50333.333,50334.200,0.867,166.600
303,304,base_01,0,50500.000,50500.900,0.900,166.700
304,305,oddball_01,1,50666.667,50667.800,1.133,166.900
305,306,base_04,0,50833.333,50834.200,0.867,166.400
306,307,base_03,0,51000.000,51000.900,0.900,166.700
307,308,base_02,0,51166.667,51167.500,0.833,166.600
308,309,base_04,0,51333.333,51334.200,0.867,166.700
309,310,oddball_01,1,51500.000,51500.900,0.900,166.700
310,311,base_01,0,51666.667,51667.600,0.933,166.700
311,312,base_02,0,51833.333,51834.200,0.867,166.600
312,313,base_04,0,52000.000,52000.800,0.800,166.600
313,314,base_03,0,52166.667,52167.400,0.733,166.600
314,315,oddball_01,1,52333.333,52334.200,0.867,166.800
315,316,base_01,0,52500.000,52500.800,0.800,166.600
316,317,base_03,0,52666.667,52667.300,0.633,166.500
317,318,base_01,0,52833.333,52834.000,0.667,166.700
318,319,base_02,0,53000.000,53000.800,0.800,166.800
319,320,oddball_01,1,53166.667,53167.500,0.833,166.700
320,321,base_03,0,53333.333,53334.100,0.767,166.600
321,322,base_02,0,53500.000,53500.900,0.900,166.800
322,323,base_01,0,53666.667,53667.500,0.833,166.600
323,324,base_02,0,53833.333,53834.100,0.767,166.600
324,325,oddball_01,1,54000.000,54000.700,0.700,166.600
325,326,base_04,0,54166.667,54167.500,0.833,166.800
326,327,base_03,0,54333.333,54334.100,0.767,166.600
327,328,base_01,0,54500.000,54500.700,0.700,166.600
328,329,base_03,0,54666.667,54667.400,0.733,166.700
329,330,oddball_01,1,54833.333,54834.100,0.767,166.700
330,331,base_02,0,55000.000,55000.800,0.800,166.700
331,332,base_04,0,55166.667,55167.400,0.733,166.600
332,333,base_01,0,55333.333,55334.100,0.767,166.700
333,334,base_02,0,55500.000,55500.700,0.700,166.600
334,335,oddball_01,1,55666.667,55667.300,0.633,166.600
335,336,base_04,0,55833.333,55834.000,0.667,166.700
336,337,base_01,0,56000.000,56000.700,0.700,166.700
337,338,base_04,0,56166.667,56167.400,0.733,166.700
338,339,base_02,0,56333.333,56334.000,0.667,166.600
339,340,oddball_01,1,56500.000,56500.600,0.600,166.600
340,341,base_02,0,56666.667,56667.300,0.633,166.700
341,342,base_04,0,56833.333,56834.100,0.767,166.800
342,343,base_01,0,57000.000,57000.600,0.600,166.500
343,344,base_02,0,57166.667,57167.300,0.633,166.700
344,345,oddball_01,1,57333.333,57333.900,0.567,166.600
345,346,base_02,0,57500.000,57500.700,0.700,166.800
346,347,base_03,0,57666.667,57667.400,0.733,166.700
347,348,base_01,0,57833.333,57834.000,0.667,166.600
348,349,base_04,0,58000.000,58000.600,0.600,166.600
349,350,oddball_01,1,58166.667,58167.200,0.533,166.600
350,351,base_04,0,58333.333,58334.000,0.667,166.800
351,352,base_01,0,58500.000,58500.600,0.600,166.600
352,353,base_02,0,58666.667,58667.200,0.533,166.600
353,354,base_01,0,58833.333,58833.900,0.567,166.700
354,355,oddball_01,1,59000.000,59000.600,0.600,166.700
355,356,base_02,0,59166.667,59167.200,0.533,166.600
356,357,base_03,0,59333.333,59334.100,0.767,166.900
357,358,base_02,0,59500.000,59500.600,0.600,166.500
358,359,base_03,0,59666.667,59667.100,0.433,166.500
359,360,oddball_01,1,59833.333,59833.800,0.467,166.700